close_time,real,predicted,lower_bound,upper_bound,residual,real_price,predicted_price
2023-12-20,10.684392144233012,10.653687683904053,39227.49024602308,45717.76837520531,0.030704460328959016,43668.92999999997,42348.4747424073
2023-12-21,10.688799060801458,10.682599097265047,40378.421555530986,47058.5284993934,0.00619996353641028,43861.8,43590.699713717324
2023-12-22,10.69124102886851,10.689971511691457,40677.863397947745,47405.981740317344,0.0012695171770520375,43969.039999999964,43913.25596534871
2023-12-23,10.685152807779783,10.69147698624413,40739.821208135465,47476.620617358334,-0.00632417846434663,43702.160000000025,43979.41604339076
2023-12-24,10.668757700716931,10.68551726427837,40498.39620348277,47193.75606951675,-0.016759563561439705,42991.49999999996,43718.09043901402
2023-12-25,10.682264802352616,10.669258988365547,39845.82182622205,46432.04596066193,0.013005813987069459,43576.13,43013.05651050025
2023-12-26,10.657469450487946,10.680837760881312,40310.459672215584,46972.10821434241,-0.023368310393365732,42508.93000000002,43513.98940447998
2023-12-27,10.678879245786156,10.659218019256498,39448.72816774457,45966.99655863405,0.019661226529658293,43428.84999999996,42583.32481064865
2023-12-28,10.658758465977922,10.67680768679653,40149.25003589113,46782.11886905935,-0.01804922081860738,42563.76000000001,43338.97769540306
2023-12-29,10.647017675739187,10.660578235045136,39503.419802388584,46028.40319460208,-0.013560559305949127,42066.95000000002,42641.28673281295
2023-12-30,10.648759331854377,10.646804214910562,38963.59243806981,45398.09704970487,0.001955116943815227,42140.27999999997,42057.97131232842
2023-12-31,10.652154110004108,10.648012800770536,39011.35133539813,45452.25252560908,0.004141309233572699,42283.58000000002,42108.832710748145
2024-01-01,10.696017291317888,10.652048085482166,39169.7274087437,45635.29473743678,0.04396920583572239,44179.54999999999,42279.097141295184
2024-01-02,10.713237294489025,10.69409549317098,40851.64656858642,47595.26589041032,0.019141801318044216,44946.91000000004,44094.7273547863
2024-01-03,10.665349599276464,10.714434907255226,41691.57191339052,48572.63276934437,-0.049085307978762316,42845.23000000001,45000.77123923355
2024-01-04,10.69537312078402,10.668626975737956,39824.46683666265,46398.25846563257,0.02674614504606332,44151.10000000002,42985.880304391656
2024-01-05,10.695237441121003,10.691734173681741,40755.76686484786,47482.462938264005,0.0035032674392621033,44145.11000000002,43990.728451352865
2024-01-06,10.691224653575915,10.696340436940861,40944.59717963817,47700.90885744589,-0.005115783364946225,43968.32000000001,44193.82873513854
2024-01-07,10.690330428503374,10.691639832172854,40753.240225932524,47476.447934119715,-0.001309403669479181,43929.020000000004,43986.57849541333
2024-01-08,10.756860635615782,10.690150635361212,40693.260996632736,47405.02385076289,0.06671000025457019,46951.04000000002,43921.12257343492
2024-01-09,10.738785125200751,10.753553284659231,43355.499016652204,50509.55188219021,-0.014768159458480312,46109.99999999999,46796.012938709224
2024-01-10,10.750513733164585,10.742676374884368,42887.08122059749,49962.44125577204,0.007837358280216478,46653.98999999999,46289.775070912
2024-01-11,10.743742670933855,10.749427665458104,43178.281206285064,50300.10446675848,-0.00568499452424831,46339.15999999998,46603.34811331921
2024-01-12,10.663889795467075,10.744394216059785,42962.1783661176,50046.75749730401,-0.08050442059271035,42782.72999999999,46369.36189171691
2024-01-13,10.66541401510775,10.66754748433931,39782.21726674382,46347.36315866943,-0.0021334692315608805,42847.98999999999,42939.50245308934
2024-01-14,10.63903188640211,10.66169198611509,39550.59706047476,46076.019202461364,-0.02266009971297933,41732.34999999998,42688.804968366676
2024-01-15,10.657520497282459,10.640032053105832,38703.563405679175,45088.25876384702,0.017488444176626317,42511.09999999997,41774.11018703119
2024-01-16,10.672158399110758,10.655579788311597,39310.53044566793,45794.16061051022,0.016578610799161453,43137.949999999975,42428.67833097408
2024-01-17,10.663734814385327,10.67218884491062,39969.426783370785,46560.488742186564,-0.008454030525292922,42776.100000000035,43139.26338938561
2024-01-18,10.629283416927167,10.66494109092821,39681.40134355143,46223.53231983502,-0.03565767400104214,41327.500000000015,42827.73094036146
2024-01-19,10.637273430818496,10.63061669010673,38342.572078536294,44663.74062975826,0.006656740711765252,41659.02999999996,41382.63759589951
2024-01-20,10.638161439248748,10.635247939986408,38521.166372965636,44870.36057125606,0.002913499262339414,41696.04000000004,41574.73541443544
2024-01-21,10.635382497888447,10.638336658660759,38640.956137753616,45008.43900142751,-0.002954160772311809,41580.33000000001,41703.346595722025
2024-01-22,10.585776495220026,10.63566540441623,38538.49666786792,44887.645262989485,-0.04988890919620381,39568.01999999998,41592.095010905105
2024-01-23,10.594071450692908,10.588067658904086,36746.73799594674,42801.59208483349,0.00600379178882271,39897.59999999999,39658.78074463163
2024-01-24,10.598754484834053,10.59140257098911,36870.07407263523,42943.88926469523,0.007351913844942715,40084.88000000002,39791.260072487756
2024-01-25,10.59566150966775,10.59868097430549,37139.98934405646,43256.91571997846,-0.0030194646377399437,39961.090000000026,40081.93344758644
2024-01-26,10.641213900594034,10.596158009576248,37047.001598888426,43147.22225192041,0.0450558910177854,41823.510000000024,39980.935603791084
2024-01-27,10.64829292340101,10.638869542443773,38663.39969322128,45030.278485907475,0.00942338095723727,42120.630000000005,41725.57555502026
2024-01-28,10.646164147762036,10.649979008222846,39095.92029386757,45532.63571226169,-0.0038148604608103653,42031.060000000005,42191.708860584105
2024-01-29,10.675970267704747,10.646797865811992,38972.37300488288,45387.29241178576,0.029172401892754607,43302.70000000001,42057.70428297062
2024-01-30,10.667584688244855,10.674365947589324,40061.99625200768,46655.60997049649,-0.0067812593444696034,42941.10000000001,43233.28430472479
2024-01-31,10.65913993844747,10.669305368638641,39860.39639430759,46419.37421933152,-0.010165430191170444,42580.0,43015.05151407187
2024-02-01,10.67088237406708,10.659313395203537,39464.68960304055,45957.170856249395,0.011568978863543578,43082.93999999999,42587.386429267804
2024-02-02,10.673595774232203,10.669834410355655,39882.67702015959,46442.555951089475,0.0037613638765474633,43200.00000000004,43037.814291480834
2024-02-03,10.669213268400156,10.673961906896778,40048.273109652364,46633.89800122302,-0.004748638496621993,43011.09,43215.819827010695
2024-02-04,10.65920757354861,10.669623783277308,39875.54856431325,46431.29487876002,-0.010416209728697723,42582.87999999996,43028.750316990896
2024-02-05,10.6621579255357,10.659490478840679,39474.10838865515,45962.48069288524,0.0026674466950211695,42708.700000000026,42594.928626333225
2024-02-06,10.671253913846126,10.661533018201872,39555.452381875875,46055.71840880806,0.009720895644253602,43098.94999999999,42682.01935748461
2024-02-07,10.699858968531325,10.670906021309854,39928.5512225124,46488.726724601336,0.028952947221471348,44349.59999999999,43083.958804787486
2024-02-08,10.720811728201381,10.698909625563301,41062.790750617234,47808.63712938858,0.021902102638080123,45288.65000000004,44307.516997867
2024-02-09,10.760723791795598,10.721124685372098,41985.671107634276,48882.05798648545,0.039599106423500174,47132.770000000004,45302.82562583581
2024-02-10,10.77375717287347,10.759858302978683,43643.80537504674,50812.617086207036,0.013898869894786614,47751.09,47091.99476245612
2024-02-11,10.785186632601306,10.774984350312787,44309.60222961517,51586.33100957067,0.010202282288519271,48299.99000000004,47809.725030785725
2024-02-12,10.818122314047894,10.785362679211419,44772.52561212323,52123.719650099,0.03275963483647537,49917.27000000003,48308.49379801847
2024-02-13,10.813751962553711,10.817038867315478,46213.66218715085,53800.98114828619,-0.0032869047617669622,49699.59000000002,49863.21658421335
2024-02-14,10.85505218065691,10.815486062875028,46142.69176329022,53716.64830141555,0.03956611778188268,51795.170000000035,49785.848844117194
2024-02-15,10.85668863843038,10.852989218351123,47906.01633385101,55769.48077521737,0.0036994200792577203,51880.00000000003,51688.428656208474
2024-02-16,10.861382884614807,10.858427511427571,48168.01758280596,56072.70766113675,0.0029553731872358213,52124.110000000015,51970.291210817486
2024-02-17,10.852102966814176,10.86142013706409,48313.151364140314,56239.86840383753,-0.009317170249914852,51642.64000000002,52126.05178693218
2024-02-18,10.861642999108852,10.852694268018963,47894.13316197234,55750.421013261766,0.00894873108988925,52137.67000000004,51673.18538512194
2024-02-19,10.854657471378145,10.860760650485242,48282.7588240705,56201.09306340577,-0.006103179107096679,51774.73,52091.686688276495
2024-02-20,10.863963959409046,10.85538526034311,48024.66485727223,55898.92966142783,0.00857869906593578,52258.82000000004,51812.424792421225
2024-02-21,10.856098448882586,10.86325479417967,48404.82272353502,56339.707942087385,-0.007156345297085309,51849.38999999996,52221.772999702705
2024-02-22,10.845220274683633,10.856859513638048,48096.98950508638,55979.68641902038,-0.01163923895441421,51288.420000000006,51888.86576322178
2024-02-23,10.834551619323868,10.84543339980385,47551.24545821049,55342.893584799756,-0.01088178047998234,50744.14999999999,51299.35201558043
2024-02-24,10.850660870257723,10.834510211902328,47035.35136074893,54740.8586930875,0.016150658355394754,51568.220000000016,50742.048859091985
2024-02-25,10.853770931936612,10.8493556101364,47739.44668521987,55558.83957208029,0.004415321800212979,51728.85000000004,51500.95396829083
2024-02-26,10.905524144304174,10.854341167373992,47978.802631559556,55835.64558809166,0.05118297693018192,54476.46999999997,51758.356035298864
2024-02-27,10.951461420059687,10.903279368652443,50384.60039795651,58636.80661317025,0.04818205140724352,57037.33999999995,54354.31969785692
2024-02-28,11.041834845164251,10.951674040464983,52882.44955379216,61544.839432677545,0.09016080469926813,62432.10000000001,57049.46859169513
2024-02-29,11.020774054302743,11.04007777493289,57766.26933631468,67238.09401006883,-0.019303720630146515,61130.97999999999,62322.49873236858
2024-03-01,11.041126625298084,11.026149591667945,56967.949421881975,66307.28738932662,0.014977033630138692,62387.89999999997,61460.476684592606
2024-03-02,11.03468448168845,11.03946367260793,57732.27834304432,67195.1016972331,-0.004779190919480314,61987.28,62284.238090176805
2024-03-03,11.052697418636862,11.035656513200168,57513.800336476685,66938.71796364782,0.01704090543669423,63113.970000000045,62047.56288317025
2024-03-04,11.130869853928756,11.051660257808104,58442.38966253723,68017.73505025834,0.07920959612065204,68245.70999999999,63048.54459676619
2024-03-05,11.06231669361952,11.128044204939336,63078.17705262569,73420.48539179341,-0.06572751131981569,63724.010000000024,68053.14376891976
2024-03-06,11.098531210422562,11.069403514441115,59483.825930701656,69240.92076719821,0.029127695981447488,66074.04,64177.214634148186
2024-03-07,11.109805155671426,11.093815800383192,60954.25559269908,70951.55840981637,0.015989355288233753,66823.16999999994,65763.20723635872
2024-03-08,11.129087641986603,11.110492313676481,61980.09898163635,72143.7545923907,0.018595328310121673,68124.18999999999,66869.1038562897
2024-03-09,11.131859316584555,11.12899475529155,63138.32814143032,73490.11801732234,0.002864561293003831,68313.26999999999,68117.86246301435
2024-03-10,11.141222158773202,11.13265661212514,63370.954364878846,73758.55901036039,0.008565546648060973,68955.87999999998,68367.75758400133
2024-03-11,11.185505532334355,11.14095350074594,63899.885974476885,74371.95088957228,0.04455203158841492,72078.1,68937.35693760723
2024-03-12,11.176781314522861,11.18379369387298,66696.51137036001,77627.6890749491,-0.007012379350118891,71452.01000000005,71954.81948446618
2024-03-13,11.199206146313353,11.179363210592715,66402.68357800295,77283.33874739546,0.019842935720637556,73072.41,71636.73002514085
2024-03-14,11.175898234368344,11.197894799204002,67645.49264439048,78727.95607194077,-0.021996564835658816,71388.93999999999,72976.64950771834
2024-03-15,11.149079873277174,11.177966490919948,66311.48583167193,77173.7444503882,-0.028886617642774226,69499.85000000003,71536.74343789343
2024-03-16,11.086756962997462,11.149359588066023,64441.846531925934,74996.79694405526,-0.06260262506856051,65300.63000000002,69519.29285496811
2024-03-17,11.133032777429818,11.088269845356967,60621.40059076342,70554.19634387063,0.044762932072851314,68393.47999999997,65399.49693935847
2024-03-18,11.1215110321776,11.127701729206501,63059.23793509461,73392.2490421614,-0.006190697028902292,67609.99000000006,68029.8412091442
2024-03-19,11.033879476540264,11.124076100704546,62831.98885415168,73125.5131527169,-0.09019662416428176,61937.40000000003,67783.63687030692
2024-03-20,11.124914788126206,11.037932648245224,57641.97731061495,67094.606686478,0.08698213988098225,67840.51000000001,62188.9523652441
2024-03-21,11.08982481074835,11.116068455898834,62322.55159772223,72551.96107463013,-0.026243645150483275,65501.27000000002,67243.01701730501
2024-03-22,11.063455803369251,11.095513356364505,61055.1072590044,71075.25893976448,-0.03205755299525315,63796.64000000001,65874.93877058887
2024-03-23,11.066482256407912,11.063789779433185,59148.91572181208,68855.54378167378,0.002692476974727853,63990.01000000005,63817.950109054465
2024-03-24,11.115577176176618,11.064766279114263,59207.63197122036,68921.73243562908,0.05081089706235531,67209.99000000003,63880.29875374447
2024-03-25,11.154534907350444,11.113121684384376,62140.288404633815,72337.18162476474,0.04141322296606731,69880.00999999998,67045.15887475589
2024-03-26,11.15607907776451,11.154937175604234,64793.66418416652,75426.2961563352,0.001141902160275876,69987.99999999994,69908.12616433852
2024-03-27,11.148650139739889,11.158047192419454,64996.510103324166,75660.04766079136,-0.009397052679565476,69469.99000000002,70125.88004583339
2024-03-28,11.167340230834421,11.149178798059767,64423.59811941694,74990.92016482793,0.01816143277465443,70780.60000000002,69506.72559762943
2024-03-29,11.15411309550705,11.165966444435375,65515.052235914176,76259.5313920174,-0.011853348928324792,69850.53999999998,70683.42933555471
2024-03-30,11.150263779057328,11.155598591570314,64840.23492262948,75471.89272876452,-0.005334812512986176,69582.17999999995,69954.379809906
2024-03-31,11.174371202436488,11.149953646241249,64476.24031476172,75045.90145984385,0.024417556195238888,71280.00999999998,69560.60362851102
2024-04-01,11.15123510770347,11.172879180097397,65972.09042607686,76785.51548971358,-0.02164407239392574,69649.80000000005,71173.73793261324
2024-04-02,11.089255499451493,11.153521877968755,64708.027932387224,75312.63564943388,-0.06426637851726191,65463.99000000001,69809.25534100238
2024-04-03,11.096853502544521,11.091434584480698,60810.9858404576,70780.82638003852,0.005418918063822886,65963.27999999997,65606.7971385009
2024-04-04,11.13441076018704,11.093476017634176,60936.19127951831,70924.37760183975,0.04093474255286367,68487.78999999995,65740.86582884722
2024-04-05,11.124621557483906,11.132613480654827,63368.24697960067,73755.34769033242,-0.007991923170921567,67820.61999999995,68364.80884568686
2024-04-06,11.14035340016409,11.12697008175998,63012.587238456574,73339.18879382696,0.013383318404109446,68896.0,67980.085553555
2024-04-07,11.147071234275986,11.139298265235478,63795.1060523548,74247.89987280607,0.007772969040507505,69360.39,68823.3437617665
2024-04-08,11.179129643552423,11.147318669372172,64309.79177597997,74844.66844400647,0.03181097418025125,71619.99999999999,69377.55431821098
2024-04-09,11.143975490155883,11.177902283860623,66307.3401205812,77168.65937627983,-0.03392679370474028,69145.99999999999,71532.15042141725
2024-04-10,11.165225553238916,11.147211668283516,64303.47114436888,74836.00842730889,0.018013884955399462,70631.08,69370.13124151636
2024-04-11,11.156339517071231,11.162685127367673,65307.0060614713,76002.0547320685,-0.006345610296442317,70006.23000000001,70451.87470232052
2024-04-12,11.114185492359537,11.157526212642276,64971.94793129832,75609.82695124621,-0.04334072028273894,67116.51999999997,70089.35539560087
2024-04-13,11.065458134897314,11.11607842774307,62333.801071417474,72540.31422141897,-0.05062029284575509,63924.509999999966,67243.6875575399
2024-04-14,11.0922732138125,11.065917955545792,59283.57412215485,68992.17426721047,0.026355258266708148,65661.83999999998,63953.91056861806
2024-04-15,11.05753439041336,11.088536707725535,60640.28190946718,70569.88301253291,-0.031002317312173844,63419.99000000003,65416.951932951706
2024-04-16,11.063404858949838,11.060368695401133,58956.328843074705,68609.42061879068,0.003036163548705062,63793.39000000005,63599.99657023775
2024-04-17,11.02316588573891,11.061763110195884,59039.51006784102,68704.09335383997,-0.03859722445697322,61277.36999999999,63688.74320683306
2024-04-18,11.058323892737723,11.025271461750554,56923.90177080875,66242.15523691573,0.033052430987169146,63470.07999999999,61406.530090804314
2024-04-19,11.06379071789826,11.054766488360212,58628.12671116091,68224.78118402895,0.009024229538049156,63818.00999999999,63244.692394686186
2024-04-20,11.081228130925082,11.064927148323662,59227.73497025555,68920.50992195972,0.01630098260141999,64940.58999999997,63890.57595352149
2024-04-21,11.081236754154183,11.080834428990768,60178.19034014139,70024.71842350166,0.00040232516341554003,64941.15000000002,64915.027796376155
2024-04-22,11.10974753926513,11.082006113308104,60249.677726864145,70105.72398186567,0.027741425957026777,66819.31999999996,64991.132292920534
2024-04-23,11.10366315661368,11.108352376977795,61858.59307266693,71976.75162132065,-0.004689220364115343,66414.00000000003,66726.16120559981
2024-04-24,11.071152999762775,11.1052503629716,61667.94739536911,71752.7271668032,-0.03409736320882395,64289.58999999995,66519.49642320431
2024-04-25,11.074394766018568,11.072664175012102,59691.017559009175,69452.02612421903,0.0017305910064653318,64498.34,64386.81628166998
2024-04-26,11.063038296122853,11.07265860639642,59691.60891613895,69450.56458057178,-0.009620310273566801,63770.00999999996,64386.457737233395
2024-04-27,11.058196265406835,11.063612543895392,59154.929860214594,68824.14291301233,-0.005416278488556969,63461.97999999999,63806.64030262548
2024-04-28,11.052771092162883,11.05800667198989,58825.135765365536,68438.36392215575,-0.005235579827006731,63118.61999999999,63449.94916688513
2024-04-29,11.064542417382945,11.052775629591846,58519.111623902856,68080.26017800721,0.011766787791099631,63865.99999999998,63118.90639690419
2024-04-30,11.013237585614693,11.063688858704905,59162.07174583992,68826.33878445937,-0.05045127309021247,60671.999999999956,63811.50988003394
2024-05-01,10.974471160079949,11.016389332640172,56428.26535972878,65647.39471444086,-0.0419181725602229,58364.96999999996,60863.52445530348
2024-05-02,10.986319483724088,10.974151789757324,54094.35805072194,62932.52549543292,0.012167693966764759,59060.61000000004,58346.332936921885
2024-05-03,11.049015392241053,10.98368515798907,54613.285447720555,63534.46926173509,0.06533023425198259,62882.01000000001,58905.22986595134
2024-05-04,11.06495006296612,11.046293900124416,58140.189797475105,67641.39060059044,0.01865616284170457,63892.03999999995,62711.10976281218
2024-05-05,11.06682584476588,11.067116189933241,59364.19627627988,69063.78746433256,-0.0002903451673610391,64011.99999999995,64030.58827323013
2024-05-06,11.053508637254549,11.067725063916871,59401.269203197444,69104.78505724487,-0.01421642666232259,63165.19000000005,64069.58670394635
2024-05-07,11.039910586460817,11.054207875364996,58604.514559624135,68176.05877632894,-0.014297288904179695,62312.079999999994,63209.37295350398
2024-05-08,11.021788573125697,11.03995250271744,57775.780026899796,67210.18444497613,-0.01816392959174351,61193.03000000003,62314.691943877115
2024-05-09,11.052064077785605,11.022017831358967,56749.50746959402,66014.74508017201,0.03004624642663778,63074.00999999997,61207.06061420174
2024-05-10,11.01534490348056,11.04969699274883,58342.58063716001,67867.08972333925,-0.03435208926826938,60799.98999999998,62924.88502010388
2024-05-11,11.015772443721486,11.018505442492664,56551.054346351215,65782.67331234281,-0.0027329987711777193,60825.98999999997,60992.45472625746
2024-05-12,11.026532094700869,11.014277881885427,56313.34779261761,65504.15759833625,0.012254212815442145,61483.989999999954,60735.14969683984
2024-05-13,11.049938441669385,11.02578506335004,56965.885540514675,66261.36380988338,0.024153378319343943,62940.07999999995,61438.0766833746
2024-05-14,11.028051660660772,11.049303287175523,58322.04498843726,67837.54917895726,-0.021251626514750654,61577.49000000001,62900.11601833871
2024-05-15,11.100533924416219,11.030267602269173,57222.9567223075,66557.71642495625,0.0702663221470452,66206.49999999996,61714.09341893379
2024-05-16,11.085754632825502,11.095943377804376,61105.100778714914,71078.21230349292,-0.010188744978874453,65235.21000000001,65903.27249822902
2024-05-17,11.112806043186817,11.089637680038557,60721.869851155076,70630.41611283222,0.023168363148259985,67024.00000000004,65489.013847639544
2024-05-18,11.11118142509248,11.111131376674415,62041.74361891085,72164.24868673964,5.004841806588445e-05,66915.2,66911.85108390011
2024-05-19,11.10155309328632,11.112297006017835,62115.05573920645,72247.30686342924,-0.010743912731514982,66274.00999999995,66989.89097490352
2024-05-20,11.1767058764308,11.102104983298055,61486.061610647535,71513.69000570703,0.07460089313274487,71446.61999999994,66310.59605896822
2024-05-21,11.158367421672573,11.172354073173409,65957.96082357639,76721.34843818977,-0.013986651500836444,70148.33999999997,71136.37392092793
2024-05-22,11.144273655285758,11.162693447984159,65324.70288696498,75982.72978833603,-0.018419792698400883,69166.62000000004,70452.46090778941
2024-05-23,11.126816560996838,11.144552499434937,64151.09264932671,74615.87731939615,-0.01773593843809884,67969.64999999994,69185.90939654822
2024-05-24,11.135318539111529,11.126846556812081,63025.993915116196,73305.47598173117,0.008471982299447234,68549.98999999995,67971.6888356416
2024-05-25,11.146064100882873,11.134031090973354,63481.36052787048,73832.96382431805,0.012033009909519166,69290.57000000005,68461.79223021226
2024-05-26,11.134700988784974,11.145850060621552,64236.98185633389,74709.74038823895,-0.011149071836577207,68507.67000000003,69275.74061538946
2024-05-27,11.148166936722303,11.135852023968821,63598.82794813182,73965.47633179893,0.012314912753481622,69436.42999999996,68586.57013823987
2024-05-28,11.133104565321922,11.146997188211367,64312.493183927145,74793.41982432884,-0.01389262288944515,68398.38999999997,69355.25432622066
2024-05-29,11.122138405316843,11.13441273372738,63509.069464928194,73857.10313073148,-0.01227432841053755,67652.42000000004,68487.92516354975
2024-05-30,11.132428590002187,11.122105623061769,62733.10535766828,72952.70713408466,0.0103229669404179,68352.16999999995,67650.20223746306
2024-05-31,11.120475441999956,11.131307807394293,63313.94639461832,73626.08875834805,-0.010832365394337629,67540.00999999995,68275.60499103217
2024-06-01,11.123828416306203,11.121529783454841,62698.75698872897,72908.65718703603,0.0022986328513621146,67766.84999999999,67611.25778555314
2024-06-02,11.12381041324155,11.123190357930671,62803.91165992053,73028.7207558192,0.000620055310879053,67765.62999999999,67723.62458540944
2024-06-03,11.13910290891833,11.123888578506849,62848.73337379241,73078.61776830934,0.01521433041148157,68809.90000000004,67770.92712546999
2024-06-04,11.163904582396915,11.138346668010284,63764.82419825618,74141.91927844736,0.025557914386631353,70537.84000000004,68757.88280998402
2024-06-05,11.171955127042576,11.163316646893618,65377.6304063938,76015.9037745145,0.008638480148958294,71108.0,70496.38048849178
2024-06-06,11.167601002757515,11.172736675513583,65997.35073137209,76734.25296146306,-0.005135672756068743,70799.05999999997,71163.59607135874
2024-06-07,11.147002172302642,11.16827962096262,65704.8305559257,76391.86693151419,-0.02127744865997805,69355.60000000005,70847.12183699464
2024-06-08,11.146351111738946,11.147851335296961,64376.887559080686,74846.35653318343,-0.0015002235580148238,69310.46,69414.51922143965
2024-06-09,11.15121127389803,11.145409004573064,64220.82152840116,74662.65023129384,0.005802269324965081,69648.13999999997,69245.19286810717
2024-06-10,11.149657405561852,11.150840890701419,64571.56649992932,75068.20172105252,-0.0011834851395668977,69539.99999999997,69622.34827597423
2024-06-11,11.117127083146823,11.149996050157707,64518.012508458,75003.67361268617,-0.032868967010884376,67314.24000000002,69563.55333307512
2024-06-12,11.131137673726313,11.118761914020848,62534.24772546415,72696.91142540373,0.012375759705465228,68263.99,67424.37740129545
2024-06-13,11.109054235961642,11.128927793249979,63174.061752360954,73438.7133883553,-0.01987355728833684,66773.01000000004,68113.30130459025
2024-06-14,11.098076314137503,11.110673894444034,62032.03679903102,72109.53314984452,-0.012597580306531242,66043.98999999998,66881.24710195005
2024-06-15,11.100862388058815,11.097773132845616,61237.74141584681,71184.28078004644,0.003089255213199138,66228.25000000006,66023.96973282899
2024-06-16,11.107613395151107,11.100099265834706,61381.27483263986,71348.98764304418,0.007514129316401608,66676.86999999997,66177.72902985051
2024-06-17,11.105022337306155,11.10737385745587,61830.32359404758,71868.87224646147,-0.0023515201497161797,66504.32999999996,66660.90028898483
2024-06-18,11.084836148647723,11.105503603230611,61715.720223882534,71733.50732922262,-0.02066745458288821,65175.31999999994,66536.34397085648
2024-06-19,11.081748163425747,11.08578937469061,60511.60425255727,70332.43266008231,-0.004041211264862454,64974.37,65237.4764322359
2024-06-20,11.080140392052627,11.080967180290664,60221.404786372186,69993.0500600439,-0.0008267882380366132,64869.990000000034,64923.64592271998
2024-06-21,11.068878975292785,11.079989569626262,60163.46549822635,69923.60567628992,-0.011110594333477053,64143.56000000002,64860.20688848482
2024-06-22,11.070723911359003,11.069412080457663,59531.261186315845,69186.9340357321,0.0013118309013400165,64262.00999999996,64177.764379585344
2024-06-23,11.054217953669148,11.070124294637237,59574.56980646112,69235.1879238564,-0.015906340968088628,63210.01000000004,64223.488974309366
2024-06-24,11.006976265430868,11.055100850270373,58686.97415059056,68201.96288965379,-0.048124584839504436,60293.29999999996,63265.84254654836
2024-06-25,11.031755887908325,11.008685532664716,56024.76546530948,65109.252976991236,0.023070355243609342,61806.010000000024,60396.445488600046
2024-06-26,11.016413411545647,11.028264149119904,57133.008320434645,66395.92681611242,-0.011850737574256698,60864.99000000005,61590.57589621906
2024-06-27,11.030144066632449,11.018131733124207,56557.803535236664,65725.68032802927,0.012012333508241824,61706.47000000005,60969.6655330538
2024-06-28,11.009205204880935,11.028953646352692,57173.96419760002,66439.92203953747,-0.019748441471756806,60427.840000000004,61633.05707150872
2024-06-29,11.018410758655552,11.010806556514703,56146.39880754453,65244.38645460236,0.00760420214084867,60986.68000000003,60524.683740054854
2024-06-30,11.047264552465297,11.017065682983864,56499.74125694103,65653.0953809182,0.03019886948143302,62772.01000000005,60904.70344512933
2024-07-01,11.049301283706008,11.04606505918662,58162.51649512953,67584.48599763546,0.0032362245193873207,62899.990000000034,62696.76053555178
2024-07-02,11.037072280386267,11.050582739538877,58426.738452482954,67889.49337503426,-0.0135104591526094,62135.469999999994,62980.645226090695
2024-07-03,11.005570146058146,11.037926846725428,57692.71062630171,67034.8278006728,-0.03235670066728247,60208.580000000045,62188.59157585241
2024-07-04,10.951683530575044,11.006595727596908,55913.39572146062,64966.83497577253,-0.05491219702186356,57050.01000000001,60270.36048316949
2024-07-05,10.944272792112846,10.952939129097972,52991.50498979874,61573.77705450709,-0.008666336985125866,56628.78999999997,57121.686897575666
2024-07-06,10.972158197354863,10.942074931705537,52419.653649217704,60907.584963386995,0.030083265649325952,58230.130000000034,56504.46449963973
2024-07-07,10.930564633574878,10.970208605862535,53915.66018002482,62645.11319798387,-0.03964397228765648,55857.80999999996,58116.715625727564
2024-07-08,10.945787304803192,10.934039108229403,52000.34815065262,60419.822895471814,0.011748196573789116,56714.61999999996,56052.22409294128
2024-07-09,10.969059987126037,10.943285363476294,52484.095457410855,60980.24681068891,0.02577462364974359,58049.99999999999,56572.900708984955
2024-07-10,10.963460359103458,10.96829285025024,53813.57779515412,62523.92802253381,-0.004832491146782303,57725.85000000002,58005.48478117599
2024-07-11,10.956751821053937,10.964934747972183,53633.95555231253,62313.405011314906,-0.008182926918246736,57339.88999999996,57811.02312440174
2024-07-12,10.966284390225649,10.95694367275447,53207.82637297683,61816.56000058743,0.00934071747117926,57889.10000000004,57350.891810729154
2024-07-13,10.988744723972035,10.965414524335387,53661.20717065012,62341.5507246185,0.023330199636648175,59204.020000000004,57838.76614151919
2024-07-14,11.015310692363425,10.987987051151997,54886.76302842114,63764.163728186395,0.02732364121142794,60797.91000000001,59159.179712487676
2024-07-15,11.077889517548074,11.015017287270373,56391.008674216326,65510.75262954664,0.06287223027770139,64724.14000000001,60780.074200244315
2024-07-16,11.082819089203518,11.076001169572288,59935.46159831019,69631.94471979352,0.006817919631229685,65043.98999999995,64602.03362719197
2024-07-17,11.06801226185949,11.085484089934496,60507.398485232756,70294.38863302904,-0.017471828075006357,64087.99000000005,65217.56346487121
2024-07-18,11.066449594526286,11.069222625451946,59532.11570971843,69159.7306474768,-0.002773030925659725,63987.920000000035,64165.60673256779
2024-07-19,11.10736035186173,11.065759286639922,59327.16809509183,68919.60412055058,0.0416010652218084,66660.0,63943.76387660557
2024-07-20,11.114534674763815,11.105116344905461,61708.50010491444,71686.35662667773,0.009418329858354113,67139.95999999998,66510.5822062796
2024-07-21,11.129691503504805,11.116028508900605,62386.42946771388,72471.88435108289,0.013662994604199952,68165.34,67240.33091427459
2024-07-22,11.120356986675022,11.12944723059549,63230.03470199949,73449.96913005083,-0.00909024392046831,67532.01000000002,68148.69108760568
2024-07-23,11.096440005240805,11.121466564723285,62728.301465626806,72865.10439095668,-0.025026559482480337,65936.00999999997,67606.98362270201
2024-07-24,11.087910497617349,11.097275431199577,61229.5575293704,71122.96392626793,-0.009364933582228119,65376.00000000003,65991.11767035589
2024-07-25,11.0943743574347,11.087196481478374,60616.3702160435,70408.74067827538,0.007177875956326574,65799.95000000001,65329.33714189776
2024-07-26,11.125908979672458,11.093567701054258,61004.67317478981,70857.75193450222,0.032341278618199354,67907.98999999996,65746.89345257795
2024-07-27,11.125739765826474,11.124615504332464,62928.70734855632,73091.93223137762,0.0011242614940094597,67896.49999999997,67820.20947275874
2024-07-28,11.130930954803903,11.127213243761295,63093.32314785544,73280.97163076687,0.003717711042607874,68249.88000000005,67996.61773712572
2024-07-29,11.109229141639558,11.130796533696055,63320.73594804084,73542.95459726843,-0.021567392056496715,66784.68999999997,68240.70639209701
2024-07-30,11.100254456611735,11.1104942768345,62048.76723479085,72064.19734480398,-0.010239820222764706,66187.99999999999,66869.23513103597
2024-07-31,11.07640303239672,11.099749960698956,61386.504043755165,71293.08629353251,-0.02334692830223517,64627.999999999985,66154.6168460654
2024-08-01,11.087574232080065,11.07709289259353,60011.85726383594,69695.31253255169,0.01048133948653529,65354.019999999946,64672.59966679806
2024-08-02,11.026765298954375,11.085938116006114,60545.85433391455,70313.56037789126,-0.05917281705173849,61498.33,65247.18066199267
2024-08-03,11.013665862825514,11.030261190009902,57265.79078609281,66507.07919537877,-0.01659532718438861,60697.98999999997,61713.69769343486
2024-08-04,10.970970306007317,11.011675697458921,56211.97813770691,65281.648862085676,-0.040705391451604456,58160.99999999997,60577.31108780761
2024-08-05,10.897087598225774,10.972209530845397,54036.60601987412,62755.53602136336,-0.07512193261962352,54018.80999999999,58233.119232550394
2024-08-06,10.933499928213267,10.898820006162284,50210.79109626916,58317.34072614397,0.03467992205098369,56022.009999999966,54112.47372362831
2024-08-07,10.917524766745261,10.928138346359065,51704.814478442415,60052.263067429914,-0.010613579613803381,55134.160000000025,55722.44719062581
2024-08-08,11.029812117659421,10.919735749590416,51272.87568993566,59548.9740848842,0.11007636806900578,61685.98999999995,55256.195541472705
2024-08-09,11.015969708352134,11.023743485924417,56886.744743301846,66083.1671408223,-0.00777377757228237,60837.98999999999,61312.774043986225
2024-08-10,11.017374421895619,11.021829859496522,56778.78950796237,65955.89949359962,-0.004455437600903167,60923.51000000002,61195.55649028297
2024-08-11,10.980409463227412,11.017215220350973,56518.19869563542,65651.28641726953,-0.03680575712356138,58712.590000000004,60913.81165511899
2024-08-12,10.991150785124352,10.982050018869552,54565.32212880778,63382.698168436276,0.009100766254800163,59346.64,58808.990324215905
2024-08-13,11.01183810336781,10.98886268055365,54939.08725729943,63815.09340128728,0.02297542281415943,60587.14999999995,59211.003915708396
2024-08-14,10.979912001549385,11.011124928170307,56176.3969390913,65251.08099146447,-0.031212926620922232,58683.38999999998,60543.95615155408
2024-08-15,10.960254058903184,10.982631310169904,54598.58402004518,63417.77048052339,-0.022377251266719966,57541.06,58843.18541636573
2024-08-16,10.983165037240438,10.959851166854564,53369.39412588021,61988.83807557558,0.023313870385873514,58874.60000000003,57517.88183391981
2024-08-17,10.993596960622646,10.98088540264947,54504.36920029091,63305.95370295448,0.012711557973176468,59491.989999999954,58740.54028694624
2024-08-18,10.975539381105644,10.994093084367284,55229.73975213096,64146.789236922974,-0.018553703261639853,58427.35000000004,59521.51271170829
2024-08-19,10.99269744354159,10.977101440735186,54299.830712956806,63065.33258405674,0.015596002806404385,59438.49999999999,58518.688324078146
2024-08-20,10.985526593842998,10.990997962248244,55060.3477967963,63947.05978252945,-0.005471368405245869,59013.80000000004,59337.57116876791
2024-08-21,11.021183746229145,10.986567417817108,54817.72497854511,63663.45464479737,0.03461632841203688,61156.03000000002,59075.25495419028
2024-08-22,11.008344303901566,11.019153040941296,56633.56390613668,65771.96689946843,-0.010808737039729621,60375.83999999998,61031.96613769994
2024-08-23,11.067220068118193,11.010594320844504,56151.675770626396,65210.569093137055,0.05662574727368863,64037.240000000005,60511.83960627757
2024-08-24,11.069088639210088,11.063786682062904,59218.34419131321,68774.39047488483,0.0053019571471839555,64157.009999999966,63817.75244153858
2024-08-25,11.070069967643505,11.071624721357937,59685.17788983368,69314.57293362233,-0.0015547537144318113,64220.00000000001,64319.92394197229
2024-08-26,11.048251607225382,11.070411913097612,59613.70312123718,69229.55054335656,-0.022160305872230168,62833.99999999998,64241.96349200686
2024-08-27,10.992301998724127,11.049307061264175,58369.31213475797,67783.12634374032,-0.057005062540048,59415.00000000001,62900.35340940077
2024-08-28,10.985884073429384,10.994095371681025,55233.00167664953,64143.29431715574,-0.008211298251641352,59034.90000000004,59521.64885623791
2024-08-29,10.99135919980461,10.983472020720871,54650.107022114666,63464.60256425051,0.00788717908373826,59359.00999999995,58892.67630403855
2024-08-30,10.987392043195896,10.990554170854368,55039.28810393707,63914.77302169404,-0.0031621276584719027,59123.99000000003,59311.243507776526
2024-08-31,10.984851778228421,10.987942155894707,54896.505535520126,63747.12332987908,-0.0030903776662860594,58973.99000000004,59156.523805512705
2024-09-01,10.956088362908977,10.984851761760266,54727.90617200313,63549.50564048923,-0.028763398851289423,57301.85999999999,58973.98902880726
2024-09-02,10.987529710489781,10.957391138971971,53245.82449394625,61827.75240617471,0.030138571517809964,59132.13000000002,57376.5601397848
2024-09-03,10.95932681270993,10.984573945236889,54713.34506926338,63531.1085572899,-0.025247132526958538,57487.73000000002,58957.607355860644
2024-09-04,10.967696439484955,10.962112349446798,53498.53164074174,62119.49900987105,0.005584090038157186,57970.90000000001,57648.08742089031
2024-09-05,10.936316100658235,10.966155999808391,53716.061734301366,62370.31142192671,-0.029839899150156057,56180.00000000003,57881.66807140078
2024-09-06,10.896053349577945,10.938120242469626,52231.29924027878,60645.65604363126,-0.04206689289168075,53962.96999999997,56281.44817289198
2024-09-07,10.89971378633749,10.896701840652348,50111.99249258816,58185.30158671143,0.003011945685141626,54160.86000000004,53997.97585365827
2024-09-08,10.912721118807845,10.897464473445629,50150.94641550591,58228.85387910133,0.015256645362216048,54869.94999999996,54039.172187656004
2024-09-09,10.951543117587086,10.912095541249675,50890.7213916294,59086.34853806328,0.039447576337410695,57042.00000000002,54835.63532502644
2024-09-10,10.961902477950138,10.9503039168488,52872.74300819105,61387.68989250965,0.011598561101338944,57635.99000000004,56971.35729077542
2024-09-11,10.956718859163896,10.963279507141003,53563.97158911121,62188.6051548201,-0.0065606479771069814,57338.0,57715.411110718414
2024-09-12,10.970477070444321,10.957626385491993,53262.76969728291,61837.16942401462,0.012850684952327995,58132.320000000014,57390.05936364899
2024-09-13,11.01036558562127,10.969501237244113,53899.717832778806,62575.05233263614,0.040864348377157356,60498.00000000002,58075.62022140147
2024-09-14,11.001983667789702,11.008942734969045,56067.96147373487,65092.566661491896,-0.006959067179343137,59993.030000000035,60411.98159142809
2024-09-15,10.98752751202098,11.004362663372792,55812.53243345961,64794.215281757264,-0.01683515135181146,59131.999999999985,60135.923056968546
2024-09-16,10.971880982840238,10.988033009676512,54909.171843245735,63744.00002070803,-0.016152026836273592,58213.99000000001,59161.898643577326
2024-09-17,11.007319362439398,10.971862382668531,54029.03570696364,62720.767132834335,0.035456979770867036,60313.98999999996,58212.90721986025
2024-09-18,11.031011022781547,11.004730094413487,55834.45895802568,64816.383813379114,0.02628092836805962,61759.990000000034,60158.022921600044
2024-09-19,11.05006410885946,11.031433399667145,57345.941378871496,66570.00958722678,0.018630709192315464,62947.99000000005,61786.081502066634
2024-09-20,11.05407619392099,11.05042638810065,58446.16132782064,67845.71341682792,0.00364980582033958,63201.05,62970.798881394294
2024-09-21,11.05641376888209,11.054812728316817,58703.926491004844,68142.98943699838,0.001601040565272882,63348.959999999955,63247.616894131854
2024-09-22,11.060034731286247,11.056513685437352,58804.70887289455,68258.01604247086,0.0035210458488954544,63578.76000000004,63355.28992608956
2024-09-23,11.0562721622145,11.059937191652024,59007.213419978616,68491.12176182853,-0.0036650294375242254,63339.989999999954,63572.55885343894
2024-09-24,11.070734648593891,11.056629939456355,58813.22133825392,68264.0066484877,0.01410470913753592,64262.70000000003,63362.655661308454
2024-09-25,11.053299956250727,11.06984581951006,59596.38682664526,69171.3066283666,-0.01654586325933316,63152.00999999995,64205.606820032684
2024-09-26,11.08481574194208,11.054828349490172,58708.76969096513,68139.49676239351,0.029987392451907624,65173.99000000004,63248.60490383661
2024-09-27,11.093918326070082,11.082485684204789,60355.487175730086,70049.977002914,0.011432641865292581,65769.95000000003,65022.307623303896
2024-09-28,11.095256188023157,11.09482771692463,61105.80940797846,70918.96831258376,0.00042847109852672816,65857.99999999999,65829.78779488208
2024-09-29,11.09136161470668,11.09580034632352,61166.148199950585,70986.96241254163,-0.004438731616840386,65602.00999999995,65893.84692966289
2024-09-30,11.056076374151926,11.091606006800314,60910.99448177749,70688.84378043898,-0.03552963264838738,63327.59000000005,65618.04457185195
2024-10-01,11.015440129225267,11.057641393898127,58877.02046677356,68328.11762903648,-0.042201264672860006,60805.780000000035,63426.77652301819
2024-10-02,11.01286304290849,11.015782900620554,56463.19598858387,65527.258462836384,-0.0029198577120634894,60649.27999999998,60826.626054563654
2024-10-03,11.014566969261338,11.010918468507068,56190.000646010456,65208.35223087758,0.0036485007542701453,60752.70999999997,60531.45755702805
2024-10-04,11.036275799671376,11.014240896064305,56377.79690475048,65424.435820074505,0.0220349036070715,62086.00000000001,60732.90339899817
2024-10-05,11.035824710605858,11.035359806489375,57581.641665401214,66820.18858455893,0.0004649041164839218,62057.999999999985,62029.15568577896
2024-10-06,11.048027340426854,11.03689212623629,57670.766323938755,66921.70131301403,0.011135214190563403,62819.90999999995,62124.27704547762
2024-10-07,11.038496056395529,11.047496396715747,58286.33708195357,67634.25090626061,-0.00900034032021857,62224.0,62786.56501679105
2024-10-08,11.037474867893343,11.039495870809144,57822.654650356526,67094.39683520595,-0.0020210029158018727,62160.49000000002,62286.24356289346
2024-10-09,11.012644384916914,11.037129474049431,57686.8052358082,66934.86092856785,-0.02448508913251679,60636.01999999995,62139.02385676977
2024-10-10,11.007524932084383,11.013762455633287,56354.93218232049,65388.381449942695,-0.006237523548904278,60326.39000000001,60703.8532724507
2024-10-11,11.043561631011832,11.006620212054575,55954.64078600926,64922.1259663704,0.036941418957257,62539.999999999956,60271.83618832514
2024-10-12,11.054157993013762,11.041415004562644,57935.88122863766,67220.78821875199,0.012742988451117654,63206.22000000002,62405.89397113882
2024-10-13,11.048824699493805,11.055348512814437,58749.52302276849,68163.1048209852,-0.006523813320631788,62870.01999999999,63281.513066486106
2024-10-14,11.09868178772791,11.04977652687784,58423.88809201803,67783.42167105127,0.048905260850069965,66083.98999999995,62929.8898950536
2024-10-15,11.113553853743124,11.095925710885961,61182.707685434914,70985.54525628824,0.017628142857162743,67074.14,65902.1082007753
2024-10-16,11.121659224147107,11.115097404789868,62367.69481974852,72358.78153976226,0.006561819357239429,67620.01000000001,67177.75230387472
2024-10-17,11.118723390100762,11.12220641264661,62813.51227288809,72874.0095442034,-0.0034830225458488684,67421.77999999997,67657.02101688622
2024-10-18,11.133537376572182,11.119220289272803,62627.104570508964,72655.70076463251,0.014317087299378528,68427.99999999996,67455.29015155333
2024-10-19,11.13280641444733,11.132655838694257,63474.98402692613,73637.56160731336,0.00015057575307331206,68378.0,68367.7047062866
2024-10-20,11.142325299327778,11.133507585245267,63529.97230761972,73699.26403158077,0.008817714082510975,69031.98999999999,68425.96146944725
2024-10-21,11.118066413274288,11.141896025437935,64065.98967418277,74319.09014995779,-0.023829612163646985,67377.5,69002.36272869106
2024-10-22,11.118785979191978,11.11968477283232,62659.22675507596,72685.94539826285,-0.000898793640342177,67425.99999999997,67486.62930252793
2024-10-23,11.107490106419542,11.117650249814604,62532.759331967514,72537.18833696391,-0.010160143395061993,66668.65000000002,67349.46578030864
2024-10-24,11.130174623572177,11.107949160923324,61929.869501152236,71835.9578306537,0.022225462648853167,68198.28000000006,66699.2615696955
2024-10-25,11.107935194109013,11.128567594645842,63220.60696134201,73331.79819829637,-0.020632400536829465,66698.33,68088.77140661993
2024-10-26,11.113831418479576,11.110065311552171,62062.25273390541,71986.75238895699,0.0037661069274044223,67092.76,66840.55670217385
2024-10-27,11.127582050898097,11.112619173118368,62221.8238345447,72169.8222797827,0.0149628777797286,68021.70000000004,67011.47639071265
2024-10-28,11.155710518113304,11.12702429505346,63125.37544361935,73216.08936939585,0.028686223059844806,69962.21000000002,67983.77107778518
2024-10-29,11.194597500942681,11.155028554287707,64918.52972837756,75294.97922758927,0.03956894665497401,72736.41999999995,69914.51456874906
2024-10-30,11.189198027274337,11.19407237826226,67503.24018488369,78293.03130460506,-0.004874350987924103,72344.73999999995,72698.23448308338
2024-10-31,11.160413415578427,11.191405949123721,67324.42060981656,78083.4641262981,-0.03099253354529452,70292.01000000002,72504.6479993553
2024-11-01,11.14902461983292,11.16170204398367,65354.33443299395,75797.8376874159,-0.012677424150750127,69496.01000000001,70382.64866798614
2024-11-02,11.147278103293965,11.148117514304397,64473.335529981276,74774.18723285577,-0.0008394110104319452,69374.74000000002,69432.99836853909
2024-11-03,11.138609980454712,11.146692927254346,64382.45871969758,74666.69037171714,-0.008082946799634172,68775.99000000003,69334.15544011132
2024-11-04,11.125054812646939,11.138966502630812,63887.78689493735,74091.0122361558,-0.013911689983872932,67850.00999999994,68800.51453712914
2024-11-05,11.147238751020843,11.125339682212271,63023.87044848088,73087.34668614037,0.021899068808572508,69372.00999999998,67869.34115615474
2024-11-06,11.23284099086906,11.145471871462808,64306.13726150303,74572.9701386339,0.08736911940625092,75571.99000000005,69249.54623485239
2024-11-07,11.236617000461125,11.229655694824496,69949.80669448631,81127.57324744717,0.0069613056366293335,75857.89000000006,75331.65381333207
2024-11-08,11.245173854780644,11.240570133701455,70718.41122030729,82016.77152454402,0.004603721079188716,76509.77999999994,76158.35985389058
2024-11-09,11.247363071936977,11.245292346657378,71054.1312475736,82403.84816527457,0.0020707252795997277,76677.46000000002,76518.84632455291
2024-11-10,11.294396375631292,11.247488595186082,71211.35161929383,82583.87089483977,0.046907780445209823,80370.00999999994,76687.08540800595
2024-11-11,11.392428637810452,11.292218145730837,74468.35187806527,86362.32309168381,0.10021049207961497,88647.99000000006,80195.1361679664
2024-11-12,11.384546603798816,11.389990338168369,82110.18336386702,95240.76686476386,-0.005443734369553255,87952.00999999997,88432.10294333767
2024-11-13,11.41172517246,11.389729695505952,82089.9130057079,95214.63761431402,0.021995476954048243,90375.20000000003,88409.05676812213
2024-11-14,11.377398826022091,11.4104102980792,83806.03666562152,97203.3325835852,-0.03301147205710819,87325.59,90256.44605522945
2024-11-15,11.418967140996914,11.380067558001485,81301.59636218734,94297.8986975695,0.038899582995428617,91032.06999999996,87558.94984358952
2024-11-16,11.414065110747668,11.415444034380084,84229.17332836149,97693.61198923619,-0.0013789236324157628,90586.92000000001,90711.91860673585
2024-11-17,11.405963556656248,11.416078194996867,84283.78415773163,97754.2175543477,-0.010114638340619209,89855.98999999998,90769.46277718394
2024-11-18,11.412708144822604,11.406381209487861,83471.52058925801,96809.61889732865,0.0063269353347426005,90464.08,89893.52644671689
2024-11-19,11.432916315066956,11.411898334600021,83934.45758982806,97343.88193250333,0.021017980466934816,92310.78999999992,90390.85091807097
2024-11-20,11.454093934604037,11.432220743816028,85658.48638406825,99341.42236040546,0.021873190788008756,94286.56,92246.60359402272
2024-11-21,11.49595345170349,11.454093657988683,87553.54231310647,101537.30213046828,0.04185979371480819,98317.12000000008,94286.53391889337
2024-11-22,11.501783624551384,11.495051253163322,91213.68652372251,105782.70010829058,0.00673237138806293,98892.00000000006,98228.4584390418
2024-11-23,11.48937430067981,11.503562677798048,91994.6021996698,106685.46159391136,-0.014188377118237838,97672.40000000005,99068.09072461235
2024-11-24,11.491702237098702,11.490387665283158,90791.61042426336,105287.83521810416,0.0013145718155431751,97900.03999999995,97771.42792010428
2024-11-25,11.440462400751828,11.490929976284825,90842.12671825271,105343.48174396397,-0.050467575532996634,93010.01000000005,97824.46482106159
2024-11-26,11.429165088655697,11.442935710909431,86584.25059496026,100408.10475238899,-0.013770622253733933,91965.16000000003,93240.33732052812
2024-11-27,11.47067651533361,11.427284601701405,85240.69129232739,98847.64528978908,0.04339191363220429,95863.10999999999,91792.3832195264
2024-11-28,11.468388035093692,11.467925789033911,88775.9411757487,102948.13724429364,0.0004622460597811795,95643.98000000003,95599.77916372148
2024-11-29,11.487197316397497,11.470519001749551,89007.69427832808,103214.0128204862,0.01667831464794567,97459.99999999996,95848.0114471097
2024-11-30,11.47634436098139,11.48642608030645,90435.88102534352,104867.79902795331,-0.010081719325059524,96407.98999999992,97384.86430796944
2024-12-01,11.484373509688128,11.477656199161274,89647.39496000191,103950.79878782936,0.006717310526854092,97185.18000000002,96534.54467360493
2024-12-02,11.470441882443543,11.483550158884215,90178.54754862732,104563.88173253018,-0.013108276440672029,95840.61999999997,97105.19543611462
2024-12-03,11.470536514248424,11.471402908896529,89090.84120961667,103300.13912144587,-0.0008663946481046736,95849.68999999996,95932.76964312063
2024-12-04,11.498697931915306,11.469923592542507,88960.37997036417,103146.00671383328,0.028774339372798607,98587.31999999996,95790.95964488685
2024-12-05,11.481905584874085,11.497281033409916,91428.23608899972,106006.15403284323,-0.015375448535831282,96945.63,98447.73068893798
2024-12-06,11.510330500961581,11.484074936409439,90229.80764922292,104614.21914004789,0.02625556455214273,99740.83999999997,97156.16743357148
2024-12-07,11.511243952019402,11.508302596003668,92443.22277809256,107178.96268691737,0.0029413560157340868,99831.98999999998,99538.78000453679
2024-12-08,11.523960257087609,11.512415819183733,92825.52418532223,107619.2390504347,0.011544437903875604,101109.59000000007,99949.04840608589
2024-12-09,11.485312409535025,11.523554277263877,93866.41569582665,108823.28571590682,-0.03824186772885163,97276.46999999994,101068.54987776873
2024-12-10,11.478261553806867,11.487728082272016,90563.03128684292,104993.61302716362,-0.009466528465148727,96592.99999999991,97511.74217240556
2024-12-11,11.524112654360794,11.476801471052845,89580.03259913491,103851.28661905257,0.04731118330794892,101125.00000000009,96452.06913693885
2024-12-12,11.51296836405005,11.521369786921195,93662.02706992542,108585.31414634564,-0.008401422871145314,100004.28999999998,100848.00758057335
2024-12-13,11.527067493420736,11.515718755517044,93135.45664243765,107972.00672978084,0.011348737903691841,101424.24999999997,100279.71954178218
2024-12-14,11.52702558934901,11.5261032243118,94108.84076219487,109097.70946168769,0.0009223650372103265,101420.00000000006,101326.4968665658
2024-12-15,11.556597697699653,11.527545319553258,94245.95368350453,109253.64393064595,0.029052378146394275,104463.99000000002,101472.72473744732
2024-12-16,11.571747616253397,11.55524324278679,96893.40221219309,112321.41067827189,0.01650437346660638,106058.66000000008,104322.59401438749
2024-12-17,11.572455275935207,11.572401769390401,98571.39519473865,114264.03545890901,5.350654480551498e-05,106133.74000000009,106128.06130221051
2024-12-18,11.514963486792205,11.57327489036221,98658.85832571142,114362.26793824385,-0.05831140357000564,100204.01000000005,106220.76440285228
2024-12-19,11.487216400968105,11.517769389977556,93330.16038864471,108189.56325992616,-0.03055298900945047,97461.86000000003,100485.56757776876
2024-12-20,11.490735478197848,11.485778792081199,90392.15300968678,104782.79258952542,0.004956686116649678,97805.44000000002,97321.84862883903
2024-12-21,11.485471942072138,11.488988569609178,90683.98575111422,105118.23902537841,-0.0035166275370404065,97291.99000000002,97634.73198590569
2024-12-22,11.463590987689289,11.485884703924789,90404.18510998676,104791.0416814342,-0.022293716235500582,95186.26999999996,97332.15671111329
2024-12-23,11.460383707366171,11.464478805387301,88490.35909199307,102570.81556037096,-0.004095098021130283,94881.47000000006,95270.81558009157
2024-12-24,11.499471160364957,11.459475325910148,88049.90210436696,102057.4990602691,0.03999583445480859,98663.58000000005,94795.32056632974
2024-12-25,11.507205135035322,11.497363884809696,91449.83206253356,105998.68339208754,0.009841250225626652,99429.60000000002,98455.8875591301
2024-12-26,11.469930277442367,11.508707366334118,92494.28202003373,107206.55006212722,-0.038777088891750466,95791.59999999996,99579.07850468019
2024-12-27,11.454226182248389,11.472257892395255,89183.54439649683,103369.36939719581,-0.01803171014686633,94299.02999999993,96014.82565142059
2024-12-28,11.464785089642293,11.453189938397877,87500.03353195287,101415.92623096552,0.011595151244415902,95299.99999999993,94201.36382178095
2024-12-29,11.448261069244117,11.463356659045532,88395.25766521864,102450.9797912386,-0.015095589801415343,93738.19999999997,95163.96774357742
2024-12-30,11.438116247001123,11.449544270202917,87183.70474283634,101044.45224001387,-0.011428023201794701,92792.05000000005,93858.56215601748
2024-12-31,11.446529219330543,11.437923845731918,86177.52936914022,99875.82556005912,0.008605373598625121,93576.0,92774.19840919737
2025-01-01,11.457325964804461,11.445563654530982,86839.55809557663,100640.47319712504,0.01176231027347896,94591.78999999996,93485.68991545211
2025-01-02,11.482309441066757,11.457185690769782,87855.78388458745,101815.6854128989,0.025123750296975444,96984.79000000005,94578.52215855771
2025-01-03,11.494498526979447,11.481690531678023,90035.9536483133,104340.6920121865,0.012807995301423958,98174.18000000001,96924.78377402839
2025-01-04,11.494970230193188,11.495116724490618,91254.04884219561,105749.75791092163,-0.00014649429743052167,98220.49999999993,98234.88979712658
2025-01-05,11.496426197567976,11.49560141345679,91299.53766521827,105799.57953521534,0.0008247841111863607,98363.60999999996,98282.51470500564
2025-01-06,11.535035232691547,11.496379995397962,91371.89733509759,105880.5392770499,0.03865523729358422,102235.6,98359.06549275146
2025-01-07,11.48199820982397,11.533244688662553,94803.07844651018,109856.71629502329,-0.05124647883858202,96954.61000000003,102052.70644521441
2025-01-08,11.4622699671472,11.486335433970831,90457.57235223005,104823.64671062022,-0.024065466823630643,95060.60999999994,97376.03712695712
2025-01-09,11.43553122201574,11.460927392980787,88188.8872113558,102193.00878712474,-0.025396170965047205,92552.48999999999,94933.06971607331
2025-01-10,11.458744953949578,11.435559107687748,85980.46304272136,99632.41474470521,0.02318584626183018,94726.11000000003,92555.07092436489
2025-01-11,11.457412649331719,11.456406418913303,87792.4816381041,101730.42407537177,0.0010062304184152993,94599.98999999999,94504.84848764967
2025-01-12,11.456831825233554,11.458493799748517,87977.12755758887,101941.60761101177,-0.0016619745149633047,94545.05999999992,94702.32212686053
2025-01-13,11.456737051116379,11.45695978862084,87843.4674502012,101783.96405393464,-0.0002227375044601132,94536.09999999996,94557.15908023177
2025-01-14,11.477928762111205,11.456666715733187,87818.92221327459,101752.75306672246,0.021262046378017985,96560.86,94529.45100101363
2025-01-15,11.517886637974417,11.476907198453619,89615.35935921539,103832.30151276031,0.04097943952079852,100497.34999999996,96462.26730261123
2025-01-16,11.512798456905045,11.516983096451602,93279.47101271985,108078.25880872618,-0.004184639546556568,99987.29999999999,100406.587481369
2025-01-17,11.552890900748764,11.514990313918535,93095.02044092711,107861.64846341342,0.037900586830229344,104077.48000000001,100206.69822169359
2025-01-18,11.557480291794977,11.55088965852322,96497.75968227732,111804.18207051622,0.006590633271757795,104556.23000000005,103869.4040269523
2025-01-19,11.526153290253054,11.559026401292725,97287.42107958642,112716.13105990367,-0.03287311103967028,101331.56999999993,104718.01041314095
2025-01-20,11.535273966423933,11.528031376693,94318.54766303916,109275.73176645949,0.007242589730932281,102260.01000000004,101522.05826828124
2025-01-21,11.572550245935874,11.533328736696964,94820.75151691653,109854.70535359952,0.0392215092389101,106143.81999999992,102061.28413506142
2025-01-22,11.54932161587764,11.571043052150209,98465.0218444557,114077.05822686109,-0.021721436272569505,103706.66,105983.9611934708
2025-01-23,11.5512836909037,11.5522513789487,96632.84779564213,111952.36599620472,-0.0009676880449998038,103910.33999999994,104010.94146133508
2025-01-24,11.560481534624847,11.550279916098262,96443.83352605885,111730.36030482115,0.010201618526584966,104870.5,103806.08974932418
2025-01-25,11.55930176573318,11.559949385077267,97382.1389761984,112814.55860979413,-0.0006476193440878575,104746.85000000003,104814.7080570158
2025-01-26,11.538788124495955,11.559825186171189,97371.36270090923,112799.02150279032,-0.02103706167523356,102619.99999999993,104801.69099330342
2025-01-27,11.533539821548564,11.539758221398394,95437.77485434698,110557.02176352196,-0.006218399849830192,102082.82999999999,102719.59964697169
2025-01-28,11.526192270434795,11.532820847648125,94779.22511959744,109791.25667978376,-0.006628577213330544,101335.51999999992,102009.4614877303
2025-01-29,11.549577882874928,11.526207329941837,94155.70196438201,109066.11806668439,0.023370552933091204,103733.23999999995,101337.04607446793
2025-01-30,11.559073475056,11.548145827456015,96244.95708593763,111484.38308412721,0.01092764759998488,104722.93999999996,103584.79456794831
2025-01-31,11.536930621804835,11.559681086126524,97362.7984599615,112776.4366839414,-0.022750464321688924,102429.55999999995,104786.59015299236
2025-02-01,11.519261847629682,11.538538573870214,95326.72573571757,110416.14681061878,-0.019276726240532227,100635.65000000008,102594.3943098773
2025-02-02,11.489662876907214,11.519084555910563,93491.08808878956,108287.7933996475,-0.0294216790033488,97700.58999999992,100617.80971412113
2025-02-03,11.526123190592088,11.490126179483612,90823.03252945271,105196.37960853476,0.035997011108475974,101328.51999999996,97745.86542236253
2025-02-04,11.490302791077825,11.522996901588474,93858.15889926082,108711.6050297012,-0.032694110510648855,97763.12999999995,101012.23242296636
2025-02-05,11.47846268687094,11.493606121137294,91140.03190379374,105562.64291631192,-0.01514343426635456,96612.43000000007,98086.60786897187
2025-02-06,11.477861341217714,11.477612581962683,89694.98591319883,103886.58101348933,0.0002487592550313167,96554.35000000008,96530.33419902426
2025-02-07,11.477368751165686,11.477120911834076,89652.10267627114,103834.11853306614,0.00024783933161032223,96506.8,96482.88478288028
2025-02-08,11.476725480817702,11.47736887634731,89675.54212088401,103858.47197287301,-0.00064339552960746,96444.74000000009,96506.81208087865
2025-02-09,11.476912202443206,11.476768160891723,89622.89315193982,103794.7065232907,0.00014404155148284303,96462.75000000007,96448.85635648477
2025-02-10,11.48689786668285,11.476874346682536,89633.61446923294,103804.33410965919,0.010023520000315145,97430.81999999995,96459.09839834
2025-02-11,11.469790380652562,11.486425742570262,90494.97045377913,104799.25395494571,-0.01663536191770021,95778.19999999994,97384.8314175822
2025-02-12,11.491395244243504,11.471068658681965,89116.80819126088,103201.0263853066,0.020326585561539545,97869.99000000008,95900.70945264494
2025-02-13,11.478418281660865,11.489619500682801,90786.28792451869,105132.36583610778,-0.011201219021936382,96608.14000000001,97696.35220919312
2025-02-14,11.487612580050744,11.479936200706492,89912.51709662033,104117.9798814388,0.007676379344252027,97500.48000000005,96754.894688359
2025-02-15,11.488321863418257,11.486703360309606,90524.19475984374,104823.60680219776,0.0016185031086504154,97569.66,97411.87092747695
2025-02-16,11.4733331307744,11.48861477402652,90698.60182089085,105022.75579272053,-0.015281643252119892,96118.11999999992,97598.24337444101
2025-02-17,11.4698091738966,11.474144867633877,89396.64800808074,103512.87386545529,-0.0043356937372767135,95779.99999999996,96196.17429635633
2025-02-18,11.46867823602642,11.4692798912819,88963.96590847931,103009.14949007373,-0.0006016552554797272,95671.73999999996,95729.31872470611
2025-02-19,11.478793231517137,11.468497909753964,88895.61312766773,102927.25395155273,0.010295321763173604,96644.36999999997,95654.48942715884
2025-02-20,11.495830169541591,11.478270101874886,89769.68544103307,103936.72557749524,0.017560067666705592,98305.0,96593.82568706306
2025-02-21,11.473997301020257,11.495484941957363,91329.38520523555,105740.36861424068,-0.021487640937106534,96181.98000000008,98271.0682597558
2025-02-22,11.477826748703032,11.475875703868457,89556.73107563607,103686.15109484596,0.0019510448345751996,96551.00999999992,96362.81829558997
2025-02-23,11.47478736557913,11.476697519192376,89631.5531729626,103770.0160704995,-0.0019101536132453134,96257.99999999999,96442.04328601794
2025-02-24,11.424672007827409,11.474973170430856,89478.32039931238,103589.85674179661,-0.050301162603446414,91552.87999999996,96275.88686509902
2025-02-25,11.392794174319985,11.426995685063758,85285.80694450896,98738.28475736218,-0.034201510743773866,88680.39999999998,91765.86670352078
2025-02-26,11.341544916463295,11.39199742937016,82352.76008344899,95342.18125554935,-0.050452512906865365,84250.08999999997,88609.77247894819
2025-02-27,11.346972174211077,11.342253959880972,78355.60938173681,90716.54922952276,0.004718214330104331,84708.57999999994,84309.84815481275
2025-02-28,11.342729376651988,11.344291520986172,78516.45551978858,90900.38683018212,-0.0015621443341835572,84349.93999999999,84481.80975383735
2025-03-01,11.362852642701908,11.343033058641018,78418.74963157783,90784.85777337052,0.01981958406089035,86064.53000000004,84375.55944743918
2025-03-02,11.453918284390197,11.361841136194927,79908.37679553742,92507.6206151273,0.09207714819526913,94270.00000000004,85977.51918130819
2025-03-03,11.36466452320071,11.450588109208844,87318.3135883371,101099.5264423907,-0.08592358600813377,86220.61000000006,93956.58653617132
2025-03-04,11.37689930585917,11.373304677635055,80819.64073028043,93585.81126770139,0.0035946282241159366,87281.98000000003,86968.79695676752
2025-03-05,11.414275825371805,11.372564503529397,80760.90717678626,93515.3339877025,0.04171132184240811,90606.00999999998,86904.44872264599
2025-03-06,11.406807885033768,11.412418946771687,84044.31974078288,97317.91172976009,-0.005611061737919698,89931.89,90437.92174702624
2025-03-07,11.371382061735527,11.4090627719472,83763.81374648465,96990.582733588,-0.03768071021167252,86801.74999999996,90134.90504382459
2025-03-08,11.364685863578224,11.372955593434089,80793.27581829189,93551.0135440007,-0.008269729855864938,86222.44999999995,86938.44282215554
2025-03-09,11.29891966197816,11.363311473932745,80018.85232971009,92651.9619898352,-0.06439181195458588,80734.36999999997,86104.02815503195
2025-03-10,11.272074305274367,11.301651651943196,75231.97667044938,87113.89354121043,-0.029577346668828497,78595.86000000003,80955.23705458686
2025-03-11,11.3257882112991,11.2704172642118,72918.83428562933,84434.57777553702,0.05537094708730095,82932.99000000003,78465.73127672657
2025-03-12,11.334756713332139,11.321718512730957,76756.06831591223,88880.61085826428,0.01303820060118177,83680.12000000002,82596.16358522316
2025-03-13,11.303632795775583,11.336717692990144,77916.9326207116,90222.74302083414,-0.03308489721456098,81115.78000000003,83844.37601181197
2025-03-14,11.338372057822783,11.305836778510882,75547.77842748819,87478.90828180526,0.03253527931190092,83983.19999999992,81294.75493506566
2025-03-15,11.34259303056795,11.335252041128337,77803.29448393123,90090.05205306546,0.007340989439613921,84338.44,83721.57935656341
2025-03-16,11.321456558447455,11.343745749755278,78467.94747323394,90857.35167419203,-0.022289191307823586,82574.53000000003,84435.7145923906
2025-03-17,11.338691475459175,11.322880028713277,76848.27705133425,88980.42923898988,0.015811446745898294,84010.03000000006,82692.15608692603
2025-03-18,11.323156605732219,11.33688993232091,77933.33837932425,90234.82883762252,-0.013733326588690531,82715.03,83858.818554776
2025-03-19,11.371891023311164,11.324559310563645,76979.1535058089,89127.98867166182,0.04733171274751946,86845.94000000008,82831.13618452816
2025-03-20,11.341227952627522,11.368933817251614,80471.34800849832,93172.80440039969,-0.027705864624092413,84223.39000000004,86589.49802275277
2025-03-21,11.339628543378666,11.344801969888064,78553.13838862954,90950.74205677098,-0.005173426509397672,84088.78999999996,84524.94440893811
2025-03-22,11.336672536743848,11.338593014197155,78067.92860917951,90386.61055794438,-0.0019204774533072566,83840.58999999994,84001.75867363322
2025-03-23,11.363061417724808,11.336526192509313,77907.76925249847,90198.80200918764,0.026535225215495117,86082.49999999996,83828.32131078128
2025-03-24,11.379373043553175,11.361663514807555,79891.50718215563,92494.29043789038,0.017709528745619707,87498.16000000008,85962.2490912558
2025-03-25,11.378168979368516,11.379737706837906,81349.44256199745,94180.28532781405,-0.0015687274693902964,87392.87000000005,87530.07318486339
2025-03-26,11.372618829276595,11.379070432092577,81296.24871296072,94116.22286743415,-0.006451602815982227,86909.17000000003,87471.68605986377
2025-03-27,11.376326629693029,11.37286322520471,80794.22242460739,93532.63699151772,0.003463404488318389,87232.01000000005,86930.41284299036
2025-03-28,11.343611501430534,11.375856120113127,81037.45178383622,93811.76426458094,-0.03224461868259354,84424.37999999999,87190.97615778589
2025-03-29,11.32235243824136,11.34535985763482,78603.67896138215,90993.73453121161,-0.023007419393460182,82648.53999999998,84572.1129958841
2025-03-30,11.319219227935676,11.321979070588133,76787.80878391472,88890.18179784092,-0.0027598426524573227,82389.99000000006,82617.6874686046
2025-03-31,11.321159570486971,11.318283210453973,76505.53675300967,88561.10350640572,0.002876360032997738,82550.01000000005,82312.90760990295
2025-04-01,11.352267626097843,11.32089014584337,76706.24465640752,88791.11707202943,0.03137748025447351,85158.33999999997,82527.77198884514
2025-04-02,11.320751007376645,11.350864625938831,79040.5853491844,91492.52132312782,-0.030113618562186417,82516.29000000007,85038.94660949627
2025-04-03,11.329159946164731,11.323693145724889,76922.20357589841,89039.59563247053,0.005466800439842601,83213.09000000007,82759.42182952086
2025-04-04,11.33726014619079,11.327488570271193,77215.70305802855,89377.03220774855,0.009771575919597097,83889.86999999994,83074.12581039517
2025-04-05,11.33305677743133,11.337033113994094,77957.17321851208,90233.0759406499,-0.003976336562763194,83537.98999999996,83870.82646036343
2025-04-06,11.269961786206713,11.333706888509669,77699.30856925332,89932.27260633024,-0.06374510230295627,78430.00000000003,83592.31663001966
2025-04-07,11.279267328641408,11.272914399487536,73114.64643847414,84630.06084622772,0.006352929153871756,79163.23999999998,78661.9156697731
2025-04-08,11.242722014214849,11.27600109971427,73341.61187074381,84890.61123185854,-0.03327908549942116,76322.41999999995,78905.09654285442
2025-04-09,11.321949204036216,11.244660670366095,71078.89063276786,82271.14074129512,0.07728853367012078,82615.22000000006,76470.5264463608
2025-04-10,11.284861076170216,11.316520727572383,76371.33055668925,88404.55769295832,-0.0316596514021672,79607.29999999996,82167.96029041262
2025-04-11,11.331689398818078,11.29012032394781,74381.75338432513,86100.86246354679,0.041569074870267286,83423.83999999994,80027.07740472117
2025-04-12,11.353658887894685,11.32805260181062,77257.17632651988,89429.87841150568,0.025606286084064678,85276.89999999994,83120.99545419874
2025-04-13,11.335710845544419,11.35435315463872,79316.58912933295,91812.4996370888,-0.018642309094300202,83760.00000000006,85336.12547246332
2025-04-14,11.345590013454395,11.337880884387996,78021.53318463881,90311.63999834468,0.007709129066398646,84591.58000000002,83941.95981206303
2025-04-15,11.334324856852382,11.344306555080891,78525.47131244332,90892.68316616086,-0.009981698228509472,83643.98999999999,84483.07987091476
2025-04-16,11.338933679106493,11.335201762591504,77814.70263519255,90067.7868457405,0.003731916514988498,84030.37999999996,83717.37006387147
2025-04-17,11.349793524089952,11.338265665474047,78054.4947203213,90343.00021860775,0.011527858615904663,84947.91000000003,83974.26530539761
2025-04-18,11.344207241850986,11.349385591166389,78928.23103653576,91352.13486316097,-0.005178349315402286,84474.68999999997,84913.26401782199
2025-04-19,11.351312125302178,11.345022588415373,78585.6230447894,90953.26917591755,0.006289536886804115,85077.01,84543.5942348675
2025-04-20,11.352513021155175,11.350743991791623,79037.53352937766,91473.98162436645,0.001769029363552832,85179.24000000005,85028.68862743644
2025-04-21,11.379579540859643,11.352724113686488,79195.2228792229,91654.09824917318,0.026855427173154922,87516.22999999997,85197.22259931636
2025-04-22,11.445106796693928,11.378297499981676,81247.14118449841,94027.64237219075,0.06680929671225222,93442.98999999998,87404.10250702713
2025-04-23,11.447758266256315,11.44302479689814,86677.48209748464,100317.97666166104,0.004733469358175313,93691.07999999993,93248.6440981691
2025-04-24,11.450842273708357,11.450723292589592,87348.46307429334,101091.95880470755,0.0001189811187654044,93980.46999999994,93969.28876372844
2025-04-25,11.457821550964129,11.451062984174744,87379.27729057944,101124.98810735958,0.006758566789384801,94638.67999999995,94001.21476257379
2025-04-26,11.457708694332299,11.45748688988305,87943.50705030902,101775.41569268968,0.00022180444924835285,94628.00000000006,94607.01341612147
2025-04-27,11.448379477138115,11.458021670115276,87991.6945694003,101828.53324632907,-0.009642192977160846,93749.3,94657.62090746318
2025-04-28,11.46174984786896,11.448875643741946,87191.64676649727,100900.22902266045,0.01287420412701401,95011.17999999993,93795.82681336354
2025-04-29,11.45377846343505,11.460638859842353,88224.36646085119,102092.98065826004,-0.006860396407303071,94256.81999999996,94905.68233080106
2025-04-30,11.452878176464841,11.454741746773003,87706.72871259537,101491.42528310845,-0.001863570308161755,94172.00000000003,94347.6597693882
2025-05-01,11.477193722274851,11.452643119016535,87523.991076677,101277.34469170995,0.024550603258315817,96489.91000000006,94149.86677137022
2025-05-02,11.48130207493327,11.475866673793488,89581.05224186435,103656.12834623974,0.0054354011397812485,96887.13999999996,96361.94813604536
2025-05-03,11.470606725886466,11.482204449749078,90151.74391612515,104313.840011653,-0.011597723862612597,95856.42000000001,96974.60797362468
2025-05-04,11.453999112777254,11.471451145556658,89188.55212688155,103196.92346155147,-0.017452032779404547,94277.61999999994,95937.39723113396
2025-05-05,11.458824865365125,11.454323308207604,87674.83910518012,101443.40913768533,0.004501557157521319,94733.68000000008,94308.18932853879
2025-05-06,11.480753657802882,11.457763958881028,87978.13955881426,101791.74294672957,0.02298969892185454,96834.02000000006,94633.22971822489
2025-05-07,11.482780641051518,11.479811043037472,89940.0606545907,104060.04334273566,0.0029695980140456157,97030.49999999996,96742.78582904766
2025-05-08,11.54502085318092,11.483727759633808,90294.18158823215,104467.07366347246,0.06129309354711232,103261.59999999995,97122.44292315144
2025-05-09,11.542212288481338,11.542082560790172,95717.93231894526,110747.06441437476,0.00012972769116537108,102971.98999999996,102958.63254791699
2025-05-10,11.559899981849236,11.545150936310993,96013.32300349027,111085.96394467629,0.014749045538243521,104809.53000000006,103275.03346585891
2025-05-11,11.553280150318558,11.559165423367839,97369.43362814763,112652.51027743238,-0.005885273049280215,104117.99999999997,104732.56954024699
2025-05-12,11.540456192640633,11.554287675729247,96896.86647661963,112102.94633441573,-0.01383148308861415,102791.31999999992,104222.95439394115
2025-05-13,11.553142988834901,11.540867496876698,95606.24310662832,110607.3246515653,0.012275491958202878,104103.71999999993,102833.60720120302
2025-05-14,11.54740244438894,11.551858487277686,96663.95732570639,111828.4287208641,-0.004456042888746126,103507.82000000007,103970.08445545481
2025-05-15,11.549871573940932,11.548218786389985,96313.99285528503,111420.73059927396,0.0016527875509471102,103763.70999999993,103592.35227983343
2025-05-16,11.546978038574858,11.549573444492543,96445.79414760011,111570.33499740994,-0.002595405917684701,103463.90000000007,103732.77959323651
2025-05-17,11.543713123508983,11.547188397063564,96217.2735544813,111303.12507519269,-0.0034752735545815483,103126.64999999995,103485.66679897493
2025-05-18,11.575470688309059,11.543762801514845,95889.45951741283,110921.08254605507,0.03170788679421399,106454.26000000001,103131.77325357862
2025-05-19,11.567164945087308,11.573706479108782,98804.50868530327,114292.29544221741,-0.006541534021474504,105573.74000000003,106266.61798365382
2025-05-20,11.579181167158145,11.569024039006813,98344.16946185182,113756.96202025974,0.010157128151332628,106849.98999999996,105770.19405478022
2025-05-21,11.604993941582356,11.578353185026343,99267.11003747146,114821.8175363326,0.026640756556012946,109643.98999999999,106761.55673313123
2025-05-22,11.623538054311553,11.604142657979535,101861.0884478918,117820.79113773475,0.019395396332017256,111696.21000000002,109550.6915865043
2025-05-23,11.583554463937022,11.623850926088698,103889.47717729838,120164.74540335749,-0.04029646215167659,107318.30000000008,111731.16205919447
2025-05-24,11.587679535500293,11.586517958858478,100082.252688103,115761.60938197297,0.001161576641814932,107761.90999999999,107636.80895375938
2025-05-25,11.599141600839442,11.585685002013872,100000.20497196876,115663.7425437715,0.013456598825570154,109004.19000000005,107547.18946677395
2025-05-26,11.603084125729024,11.598518963095355,101293.0032560387,117156.42748677709,0.004565162633669573,109434.79000000005,108936.34100190796
2025-05-27,11.59853575255901,11.603498505875585,101799.93921794093,117739.78137395497,-0.004962753316574364,108938.16999999991,109480.14700119045
2025-05-28,11.587863906474514,11.599004665293185,101344.76800695698,117210.38988109773,-0.01114075881867116,107781.77999999996,108989.26447363899
2025-05-29,11.567316581149306,11.588187901307277,100255.62105852015,115948.03419164129,-0.020871320157970885,105589.75000000009,107816.70639746665
2025-05-30,11.55200655299176,11.567833700524261,98236.48480744149,113610.86689611794,-0.015827147532501584,103985.48000000003,105644.36662596234
2025-05-31,11.55782119853657,11.551801316733586,96675.08920791312,111802.76759048908,0.006019881802984628,104591.88000000005,103964.14059906478
2025-06-01,11.567820101732613,11.556760128620084,97156.88287917663,112357.15460525552,0.01105997311252871,105642.93,104480.95956020098
2025-06-02,11.569853757889945,11.567552279243303,98212.23643710106,113574.97432942197,0.0023014786466415416,105857.99000000002,105614.64023599605
2025-06-03,11.56529863108637,11.570267601977248,98480.52963550095,113882.33725342984,-0.004968970890878666,105376.88999999993,105901.80776949236
2025-06-04,11.558824405960005,11.565658567097927,98028.90272836023,113357.2363011388,-0.006834161137922123,104696.86000000006,105414.82576431116
2025-06-05,11.527899591048968,11.55893006549634,97372.72928649692,112595.6844252949,-0.031030474447371503,101508.68000000001,104707.92280611853
2025-06-06,11.554915800713998,11.529130017350871,94514.18675896301,109289.413046873,0.025785783363126313,104288.44000000008,101633.65582074475
2025-06-07,11.566960422562143,11.552131029843645,96713.93890177192,111831.57712518379,0.014829392718498369,105552.15000000008,103998.42459082647
2025-06-08,11.568681785225083,11.567445586391875,98207.52060936419,113556.19423323775,0.0012361988332081353,105734.00000000006,105603.37250998028
2025-06-09,11.610623881574494,11.56932744974825,98393.75940590812,113768.64541753175,0.04129643182624321,110263.01999999997,105802.29073677323
2025-06-10,11.61072699333236,11.608606468950445,102335.15984134088,118326.65617964327,0.002120524381915345,110274.39000000009,110040.79822336431
2025-06-11,11.59584206981163,11.612598548775697,102745.80953414094,118798.46312244941,-0.01675647896406751,108645.11999999995,110480.96788554965
2025-06-12,11.56809268102435,11.596785202724343,101134.85650531591,116933.45453402602,-0.028692521699992923,105671.72999999991,108747.63512357224
2025-06-13,11.571822383401614,11.568731957679619,98337.62175643789,113698.0988194663,0.003090425721994805,106066.59000000001,105739.30506739097
2025-06-14,11.565656804874505,11.570298752296535,98493.06016691761,113874.943120694,-0.004641947422030057,105414.63999999991,105905.10669599855
2025-06-15,11.567356925160611,11.566037133741,98075.43940122708,113389.26673091835,0.0013197914196112492,105594.00999999994,105454.73985562602
2025-06-16,11.57866198696812,11.567069162434986,98177.95285957077,113504.90926062968,0.011592824533133594,106794.53,105563.62835143531
2025-06-17,11.557431895611954,11.578143475251808,99272.38447124575,114767.57108790644,-0.020711579639854705,104551.17000000003,106739.1701385657
2025-06-18,11.560636761657088,11.55902528436777,97393.35143493886,112593.28329152259,0.0016114772893178753,104886.78000000003,104717.89345104728
2025-06-19,11.558458807639767,11.559567388033996,97447.39574094162,112652.91200442106,-0.0011085803942290084,104658.58999999998,104774.67679484529
2025-06-20,11.54537319702878,11.558591392184631,97353.56586400066,112541.59267009975,-0.013218195155850765,103297.98999999996,104672.46703144093
2025-06-21,11.533903969279427,11.545984218313775,96134.97845404476,111130.44029385464,-0.0120802490343479,102120.01000000007,103361.12655751302
2025-06-22,11.522518009053066,11.533879392805977,94979.36983921399,109792.09360220798,-0.01136138375291118,100963.87000000001,102117.50028112573
2025-06-23,11.564890868441857,11.5225108647005,93906.7842300126,108549.74403800994,0.042380003741357086,105333.92999999992,100963.14868109304
2025-06-24,11.57197708556279,11.562218944048274,97710.2775592095,112947.21453184057,0.009758141514515373,106083.00000000004,105052.8613672456
2025-06-25,11.583762049107316,11.573505498854786,98820.49877640266,114227.8775431755,0.010256550252529806,107340.58000000005,106245.2626378534
2025-06-26,11.580089224651642,11.583713473054603,99835.58607492867,115398.53909299948,-0.003624248402960717,106947.05999999991,107335.36594496788
2025-06-27,11.581028780919945,11.580760140536484,99542.41802383169,115056.79292631609,0.00026864038346197106,107047.58999999997,107018.83655671462
2025-06-28,11.583354012048273,11.580842386076556,99551.86134670254,115064.80440897508,0.0025116259717172795,107296.78999999992,107027.63874069041
2025-06-29,11.593185964310054,11.583240870159907,99792.17423319847,115339.66879271992,0.009945094150147327,108356.93000000008,107284.65092529551
2025-06-30,11.581952335879192,11.592807094907494,100752.56727174029,116446.9669144284,-0.010854759028301686,107146.49999999993,108315.8846505722
2025-07-01,11.568181726420386,11.582971383441516,99767.59986377871,115305.91523777424,-0.014789657021129443,105681.13999999996,107255.74303210549
2025-07-02,11.597722391874132,11.568405695781463,98325.9879507614,113637.37614370123,0.029316696092669403,108849.60000000008,105704.81198820472
2025-07-03,11.604453775239774,11.595545702134867,101031.5683287924,116763.18462612908,0.008908073104906933,109584.77999999991,108612.92586907951
2025-07-04,11.589740569532207,11.605400985060326,102033.39458754049,117918.21070693592,-0.01566041552811903,107984.24000000002,109688.62895540966
2025-07-05,11.591719270012513,11.59094918878325,100570.46990057902,116225.13682094579,0.0007700812292625869,108198.11999999995,108114.83073261322
2025-07-06,11.600971506509838,11.590937828639502,100570.5908187465,116222.35644563372,0.010033677870335822,109203.83999999997,108113.602539571
2025-07-07,11.592318176826861,11.600504203704062,101538.48469023107,117338.15306151305,-0.008186026877201158,108262.93999999994,109152.82066083512
2025-07-08,11.59839630594336,11.593204967900988,100801.23296736501,116483.40196546353,0.005191338042372706,108922.97999999995,108358.98919033857
2025-07-09,11.619391279560073,11.597747355529531,101261.39815255605,117012.27912742051,0.02164392403054194,111233.98999999998,108852.31731782173
2025-07-10,11.661431673269453,11.618550293676096,103390.84691649843,119470.99142826442,0.04288137959335714,116010.00000000006,111140.48310909029
2025-07-11,11.674428989118436,11.660314687694271,107799.86720861068,124566.83395456446,0.014114301424164921,117527.66000000002,115880.49084681642
2025-07-12,11.673512529618177,11.675761666297955,109479.14811741949,126504.60006545926,-0.0022491366797776635,117420.00000000006,117684.39084305671
2025-07-13,11.68760657440819,11.674294030155146,109319.95479917408,126317.49697018278,0.013312544253043512,119086.64000000006,117511.79965912015
2025-07-14,11.69392264516452,11.686836127367327,110700.8958342721,127910.36748937497,0.007086517797192826,119841.18000000002,118994.92538576914
2025-07-15,11.67638771440182,11.694201788652101,111520.63545480366,128854.4372995009,-0.01781407425028192,117758.09000000007,119874.63755445309
2025-07-16,11.683768309364082,11.677611971958319,109686.84206323735,126733.18495502528,0.006156337405762713,118630.43,117902.34451584457
2025-07-17,11.688369760857626,11.682616012622152,110238.43480070551,127367.40443226449,0.005753748235473921,119177.55999999991,118493.81126979282
2025-07-18,11.67780275135697,11.6883747505479,110876.45206228476,128101.43438145088,-0.010571999190931436,117924.84000000003,119178.15466059565
2025-07-19,11.677083051136512,11.678602918450476,109799.52082009109,126854.29114692446,-0.0015198673139646957,117839.99999999996,118019.23733826035
2025-07-20,11.672192633218396,11.676657725128056,109587.51270081368,126606.1971926209,-0.004465091909660046,117265.11999999995,117789.89024041097
